,college_weight_pounds,college_height_inches,forty,vertical,bench,broad,threecone,shuttle,rushing_games,rushing_rec_td,rushing_rec_yards,rushing_receptions,rushing_rush_att,rushing_rush_td,rushing_rush_yds,rushing_scrim_plays,rushing_scrim_tds,rushing_scrim_yds,rushing_seasons,ann_rain_inch,ann_snow_inch,min_jan,min_feb,min_mar,min_apr,min_may,min_jun,min_jul,min_aug,min_sep,min_oct,min_nov,min_dec,max_jan,max_feb,max_mar,max_apr,max_may,max_jun,max_jul,max_aug,max_sep,max_oct,max_nov,max_dec
269,0.4169076124342934,0.2273365231272549,-1.1208309968704973,0.7730166860256882,1.6345530051856032,0.35722649867067313,0.9029845649954729,2.4746422732531497,0.7026101365377475,-1.0029106800376983,-1.3069327868260654,-1.2939111114703437,-1.3934523183320868,-1.056385009651514,-1.328233617759115,-1.514232586105562,-1.2064832900659974,-1.539601500419151,0.6576426042806663,-1.0291166905936646,-0.6244023537519291,0.6864515632404324,0.7902409038741974,0.6289376633361963,0.2775934498708605,0.03558338821708795,-0.22534385243176816,-0.04000059180359043,-0.018998737100189858,0.23281688874998158,0.4228222712390175,0.3429923733654416,0.5334753968465877,0.5057455336805114,0.7931824461875386,0.7258926829206754,0.6791723525795093,0.9137639604666116,1.1874266494685164,1.5859058184296677,1.6759197016495102,1.5049079420077605,1.0358997064889133,0.5456074774574379,0.45017204791522014
